{
    "name": "DotSlider",
    "version": "1.1.0",
    "title": "Dot Slider - simple easy-to-use images slideshow jquery plugins",
    "author": {
        "name": "Htmldrive.net",
        "url": "http://www.htmldrive.net"
    },
    "licenses": [
        {
            "type": "apache",
            "url": "http://www.apache.org/licenses/LICENSE-2.0"
        }
    ],
    "dependencies": {
        "jquery": ">=1.6.1"
    },
    "keywords": [
        "jquery",
        "slideshow",
        "slider",
        "animation",
        "ui",
        "image",
        "rotator"
    ],
    "homepage": "https://github.com/htmldrive/Dot-Slider",
    "demo": "http://www.htmldrive.net/items/demo/37/Dot-Slider-simple-easy-to-use-images-slideshow-jquery-plugins",
    "download": "https://github.com/htmldrive/Dot-Slider",
    "bugs": "https://github.com/htmldrive/Dot-Slider/issues"
}
